Class,Accuracy,Precision
dishwasher,0.9887417736930724,0.5962191754058853
oven,0.9925204669142527,0.6130004749661869
washing_machine,0.9775950733813848,0.7804746510766465
